time,price
2017-10-02,0.022105361677864387
2017-10-03,0.017721608100992114
2017-10-04,0.018657166518743166
2017-10-05,0.018346025836281494
2017-10-06,0.015800818959678886
2017-10-07,0.017847864867414975
2017-10-08,0.0174392777439724
2017-10-09,0.01883620056728285
2017-10-10,0.018228327649208072
2017-10-11,0.018982973047405354
2017-10-12,0.022193000460025755
2017-10-13,0.028456267422577834
2017-10-14,0.02746142710430976
2017-10-15,0.025434737994482377
2017-10-16,0.02454485405000849
2017-10-17,0.023124468914006054
2017-10-18,0.02263074373418605
2017-10-19,0.02281558099356879
2017-10-20,0.025994908455058998
2017-10-21,0.02413324339578181
2017-10-22,0.023590947533213648
2017-10-23,0.021655265586056106
2017-10-24,0.02312697793355015
2017-10-25,0.0232928583042576
2017-10-26,0.023317118948495197
2017-10-27,0.022727257022050064
2017-10-28,0.02228299497294886
2017-10-29,0.02465049468561885
2017-10-30,0.02453678492794058
2017-10-31,0.026124366393223124
2017-11-01,0.01976967378239686
2017-11-02,0.01827577634850831
2017-11-03,0.019495218910069553
2017-11-04,0.018973119811739755
2017-11-05,0.017765819628691296
2017-11-06,0.018846683210591422
2017-11-07,0.01913501191102222
2017-11-08,0.021725179325317808
2017-11-09,0.027522669278856774
2017-11-10,0.023252337028791575
2017-11-11,0.023524907988462667
2017-11-12,0.020563465065449017
2017-11-13,0.022127754838718292
2017-11-14,0.022249639954454916
2017-11-15,0.022444916733192318
2017-11-16,0.023416539701263252
2017-11-17,0.02185406663546598
2017-11-18,0.022359959668081287
2017-11-19,0.023932253737931158
2017-11-20,0.025205607459345233
2017-11-21,0.024131600771994163
2017-11-22,0.02416556621286012
2017-11-23,0.02316136442263807
2017-11-24,0.023790276847461243
2017-11-25,0.02552162659138266
2017-11-26,0.030461977066293666
2017-11-27,0.042500839974250526
2017-11-28,0.10106684910454193
2017-11-29,0.07569844577709163
2017-11-30,0.10075895179919103
2017-12-01,0.11048196432758735
2017-12-02,0.11132222738385511
2017-12-03,0.11117324514588525
2017-12-04,0.11449397047236844
2017-12-05,0.10776669668728077
2017-12-06,0.09982971968751002
2017-12-07,0.08962028845005443
2017-12-08,0.09815113929938557
2017-12-09,0.101673748978787
2017-12-10,0.09372057283178935
2017-12-11,0.10308534729506054
2017-12-12,0.11403713597114992
2017-12-13,0.11345133029274458
2017-12-14,0.20447850774094672
2017-12-15,0.18164312620403167
2017-12-16,0.34433712839187613
2017-12-17,0.436865348461833
2017-12-18,0.43978444649551396
2017-12-19,0.4488619528496817
2017-12-20,0.4093213857018186
2017-12-21,0.40318174435406007
2017-12-22,0.3433836555062714
2017-12-23,0.3491836092047198
2017-12-24,0.3291939678906911
2017-12-25,0.3507396182880557
2017-12-26,0.361390864318199
2017-12-27,0.34807629821300307
2017-12-28,0.34148671217864957
2017-12-29,0.44122959383728905
2017-12-30,0.532880132299298
2017-12-31,0.5996458690537153
2018-01-01,0.6067591033536575
2018-01-02,0.6488574676950144
2018-01-03,0.8989675753718113
2018-01-04,0.9233548869229897
2018-01-05,0.8310267585910432
2018-01-06,0.8539657756106418
2018-01-07,0.8378499685415668
2018-01-08,0.7511087104943334
2018-01-09,0.6831080593506688
2018-01-10,0.6634219826539158
2018-01-11,0.57172328765859
2018-01-12,0.7360242948740139
2018-01-13,0.7250483688691102
2018-01-14,0.6581312618459023
2018-01-15,0.6348039002696495
2018-01-16,0.510589223424885
2018-01-17,0.5165465076389214
2018-01-18,0.5393959189010915
2018-01-19,0.5323224001352214
2018-01-20,0.57897708224782
2018-01-21,0.5002961768805202
2018-01-22,0.4654520193683883
2018-01-23,0.4575201098707948
2018-01-24,0.5021451046964983
2018-01-25,0.5144822704292711
2018-01-26,0.5019582674232445
2018-01-27,0.49668489538036553
2018-01-28,0.5392919782564429
2018-01-29,0.5033957938963068
2018-01-30,0.42868551133449123
2018-01-31,0.4182627290180049
2018-02-01,0.3370948809496323
2018-02-02,0.31343018740750433
2018-02-03,0.35219583331486193
2018-02-04,0.30475896538482034
2018-02-05,0.26475616760500714
2018-02-06,0.29869375807449905
2018-02-07,0.27748553966074796
2018-02-08,0.2908515599579057
2018-02-09,0.32011935709542694
2018-02-10,0.3317845069425607
2018-02-11,0.30185225058575066
2018-02-12,0.31247663540572246
2018-02-13,0.3022540630034498
2018-02-14,0.3183668767228834
2018-02-15,0.3274682092433948
2018-02-16,0.3255219624821864
2018-02-17,0.3384788494732821
2018-02-18,0.3107066321993477
2018-02-19,0.31575416341714846
2018-02-20,0.3071015032296129
2018-02-21,0.29680023403837213
2018-02-22,0.2741346736466909
2018-02-23,0.2808573964962315
2018-02-24,0.2627235088086173
2018-02-25,0.27999756071733833
2018-02-26,0.27477869522384707
2018-02-27,0.27444462875248893
2018-02-28,0.2564241203545937
2018-03-01,0.2480620870029865
2018-03-02,0.23829179159704716
2018-03-03,0.24121620345930586
2018-03-04,0.24420475915257028
2018-03-05,0.2412629662861929
2018-03-06,0.2298485690242477
2018-03-07,0.1992434131158809
2018-03-08,0.18020560953589002
2018-03-09,0.18058268581159423
2018-03-10,0.17055912697911021
2018-03-11,0.18158758668725974
2018-03-12,0.18132760248804117
2018-03-13,0.17996127444030027
2018-03-14,0.16127525315023458
2018-03-15,0.15090931223288565
2018-03-16,0.14558313210559473
2018-03-17,0.12595670075958718
2018-03-18,0.12716205626823227
2018-03-19,0.1602204958636473
2018-03-20,0.16734465157303352
2018-03-21,0.17269259283251973
2018-03-22,0.16512294379784323
2018-03-23,0.153233740322214
2018-03-24,0.15318678435155056
2018-03-25,0.14945353173838996
2018-03-26,0.13471901053102184
2018-03-27,0.12486983317933768
2018-03-28,0.13001218962249123
2018-03-29,0.1193968440784398
2018-03-30,0.11947812967104587
2018-03-31,0.12654735857998625
2018-04-01,0.12245613783888416
2018-04-02,0.127214678695531
2018-04-03,0.14046346499436918
2018-04-04,0.12644962138545915
2018-04-05,0.12145492666146086
2018-04-06,0.11762153509239567
2018-04-07,0.12115788240404007
2018-04-08,0.127627546940767
2018-04-09,0.12429453157956656
2018-04-10,0.1264841085344001
2018-04-11,0.13421908346220862
2018-04-12,0.17214129852720667
2018-04-13,0.16265066447982396
2018-04-14,0.16291102688913361
2018-04-15,0.1795393674683565
2018-04-16,0.207256728821306
2018-04-17,0.1970123704099759
2018-04-18,0.21034256171609989
2018-04-19,0.22069362310872126
2018-04-20,0.24519534485941308
2018-04-21,0.2365131079713976
2018-04-22,0.23267194240158506
2018-04-23,0.23629833720770918
2018-04-24,0.2557003944284115
2018-04-25,0.2232344562569075
2018-04-26,0.24305831925247537
2018-04-27,0.23787022914766948
2018-04-28,0.29508080972373324
2018-04-29,0.30112760172989234
2018-04-30,0.2842271591478334
2018-05-01,0.299160136492477
2018-05-02,0.31164854640242445
2018-05-03,0.3083992449888039
2018-05-04,0.30120587663958354
2018-05-05,0.30635391754696534
2018-05-06,0.2928310923423566
2018-05-07,0.2808815813779851
2018-05-08,0.27669335492510916
2018-05-09,0.2731664617903305
2018-05-10,0.2494031316966639
2018-05-11,0.21782532905817553
2018-05-12,0.22687321131681804
2018-05-13,0.23919847136839645
2018-05-14,0.22919866984767864
2018-05-15,0.22013453405144293
2018-05-16,0.21704623669315265
2018-05-17,0.20668758712193874
2018-05-18,0.20852993754571159
2018-05-19,0.20659956962439666
2018-05-20,0.2177101573790077
2018-05-21,0.21111394265351974
2018-05-22,0.190434488041095
2018-05-23,0.1732624532095404
2018-05-24,0.17830304100330185
2018-05-25,0.17223605014735535
2018-05-26,0.16872703773269326
2018-05-27,0.165603177788974
2018-05-28,0.1503639076999853
2018-05-29,0.1761355746056931
2018-05-30,0.181052136781019
2018-05-31,0.19267174652801913
2018-06-01,0.1908293310201393
2018-06-02,0.19531904066406436
2018-06-03,0.19557175006013003
2018-06-04,0.18294750981747462
2018-06-05,0.18801552208743158
2018-06-06,0.183140331318994
2018-06-07,0.17905096780878726
2018-06-08,0.17453509995711614
2018-06-09,0.17175845106544085
2018-06-10,0.15010439326744338
2018-06-11,0.15400560869760233
2018-06-12,0.14181067367771935
2018-06-13,0.13591595078662097
2018-06-14,0.1490875225416869
2018-06-15,0.1402145220017961
2018-06-16,0.1403997626797198
2018-06-17,0.13922870585961827
2018-06-18,0.14112734847922082
2018-06-19,0.14428669511063016
2018-06-20,0.13991966399543487
2018-06-21,0.13665086563667284
2018-06-22,0.1199819764473161
2018-06-23,0.11829086405583483
2018-06-24,0.11382023009481741
2018-06-25,0.11562441330565806
2018-06-26,0.10825807464073647
2018-06-27,0.11022660357381746
2018-06-28,0.10319121138793647
2018-06-29,0.10760934204105482
2018-06-30,0.11783873474700989
2018-07-01,0.12177427218454018
2018-07-02,0.13597766609536005
2018-07-03,0.1292177728809514
2018-07-04,0.12949047724242316
2018-07-05,0.12738088955372232
2018-07-06,0.12437973239666453
2018-07-07,0.12803150015011294
2018-07-08,0.12372479409565267
2018-07-09,0.11906345945590611
2018-07-10,0.10982519211829689
2018-07-11,0.1126289219608735
2018-07-12,0.10905590255271508
2018-07-13,0.11800342408010069
2018-07-14,0.11732305886656695
2018-07-15,0.12182051452754969
2018-07-16,0.13335440805855034
2018-07-17,0.14664006118630366
2018-07-18,0.15406510597097295
2018-07-19,0.1551990717091977
2018-07-20,0.13839819057338942
2018-07-21,0.13964584173247113
2018-07-22,0.1450523890225503
2018-07-23,0.14029080038644906
2018-07-24,0.14822562447172175
2018-07-25,0.1471679280947266
2018-07-26,0.14150206144222152
2018-07-27,0.14202127216528276
2018-07-28,0.14016815117964945
2018-07-29,0.14007462166075293
2018-07-30,0.13165328092959672
2018-07-31,0.12261230426970138
2018-08-01,0.12082061395986968
2018-08-02,0.11388951230038842
2018-08-03,0.11260914671046944
2018-08-04,0.11026800380392494
2018-08-05,0.11394550173010382
2018-08-06,0.11295466343658073
2018-08-07,0.1080751659339712
2018-08-08,0.09800292926682175
2018-08-09,0.10717372440124956
2018-08-10,0.10197633654688869
2018-08-11,0.09854425942156003
2018-08-12,0.0991573773369613
2018-08-13,0.09027984910957103
2018-08-14,0.08343178212585933
2018-08-15,0.083802486553214
2018-08-16,0.08384406332453827
2018-08-17,0.09608026580396957
2018-08-18,0.08724709276908281
2018-08-19,0.08956631983911865
2018-08-20,0.0815974240710121
2018-08-21,0.08209055560356002
2018-08-22,0.07782182320441988
2018-08-23,0.080115424610052
2018-08-24,0.08095456501161691
2018-08-25,0.0811308837449445
2018-08-26,0.08015259768140832
2018-08-27,0.08582776921759974
2018-08-28,0.09020781664243564
2018-08-29,0.09008284933378885
2018-08-30,0.08622138386349996
2018-08-31,0.08810759548236917
2018-09-01,0.09210018105009053
2018-09-02,0.09005864091065885
2018-09-03,0.08922407853944196
2018-09-04,0.09086318515321536
2018-09-05,0.0752767127997937
2018-09-06,0.07631112832429642
2018-09-07,0.07270625919833781
2018-09-08,0.0677298069431218
2018-09-09,0.0663059088156415
2018-09-10,0.06341261214630779
2018-09-11,0.06082385922539463
2018-09-12,0.05742458917663253
2018-09-13,0.05973881426982632
2018-09-14,0.058692982456140345
2018-09-15,0.05961627106983144
2018-09-16,0.06019315150993718
2018-09-17,0.054764312649982855
2018-09-18,0.05945910764751221
2018-09-19,0.06198603495544894
2018-09-20,0.06920199389214746
2018-09-21,0.07450864585596344
2018-09-22,0.07075521935641448
2018-09-23,0.076399168346337
2018-09-24,0.07041453943262833
2018-09-25,0.06886721738047645
2018-09-26,0.0676345542451653
2018-09-27,0.07391717095780474
2018-09-28,0.07236792637828209
2018-09-29,0.07286259964856388
2018-09-30,0.07340716784432037
2018-10-01,0.07295359857869252
2018-10-02,0.07143439777022507
2018-10-03,0.07040331093015972
2018-10-04,0.07060610594274869
2018-10-05,0.07199451996552175
2018-10-06,0.07053035344588575
2018-10-07,0.07347316325665694
2018-10-08,0.07535978562936513
2018-10-09,0.07504561219520534
2018-10-10,0.0734308216900916
2018-10-11,0.06120146500179105
2018-10-12,0.06330806120238812
2018-10-13,0.06321182008954171
2018-10-14,0.06170927854079016
2018-10-15,0.06456180593589901
2018-10-16,0.06550668585571688
2018-10-17,0.06732123509979653
2018-10-18,0.06558811014556641
2018-10-19,0.06578352671436759
2018-10-20,0.06622193088969026
2018-10-21,0.0659203835993678
2018-10-22,0.06609403373688802
2018-10-23,0.06514564026813394
2018-10-24,0.06521975883338074
2018-10-25,0.06492570516646819
2018-10-26,0.06459444027746236
2018-10-27,0.06386982779324413
2018-10-28,0.06419312948870301
2018-10-29,0.061206154932585737
2018-10-30,0.06139297980188223
2018-10-31,0.06160159982924656
2018-11-01,0.062145820357082
2018-11-02,0.06374309562656047
2018-11-03,0.06277268458901009
2018-11-04,0.0668729126521773
2018-11-05,0.06674116674036865
2018-11-06,0.07080841944336581
2018-11-07,0.06869008171842304
2018-11-08,0.06728540845910717
2018-11-09,0.06546904159735352
2018-11-10,0.06635209275099463
2018-11-11,0.06754150961337102
2018-11-12,0.06770386029018953
2018-11-13,0.0650667328403228
2018-11-14,0.05729924342553165
2018-11-15,0.05611361549915883
2018-11-16,0.05354499569691679
2018-11-17,0.053138728978851295
2018-11-18,0.05425669191252698
2018-11-19,0.04590869892120921
2018-11-20,0.039376313232375636
2018-11-21,0.04196006820061176
2018-11-22,0.038808010254040744
2018-11-23,0.03828413198671775
2018-11-24,0.033914794327225904
2018-11-25,0.03328065502590728
2018-11-26,0.03159650413698689
2018-11-27,0.03227361699993406
2018-11-28,0.03696182367687654
2018-11-29,0.03675490350017331
2018-11-30,0.03438264927978325
2018-12-01,0.03662967687514897
2018-12-02,0.036746036272188844
2018-12-03,0.03405468733727227
2018-12-04,0.033233561597919466
2018-12-05,0.030185939617455988
2018-12-06,0.02707385260728991
2018-12-07,0.026231887662045074
2018-12-08,0.0269472366001011
2018-12-09,0.027787108524813156
2018-12-10,0.026593630836047603
2018-12-11,0.026099193664260265
2018-12-12,0.026912311646493974
2018-12-13,0.02569293120116601
2018-12-14,0.025076733483305767
2018-12-15,0.02500205680177303
2018-12-16,0.02573677191225115
2018-12-17,0.028921371366828562
2018-12-18,0.030534087067358058
2018-12-19,0.030336938869899074
2018-12-20,0.03438753409102335
2018-12-21,0.03587906337101922
2018-12-22,0.03694275828991123
2018-12-23,0.03889235604383058
2018-12-24,0.0400935206052862
2018-12-25,0.03636658978379117
2018-12-26,0.03626322671298144
2018-12-27,0.032318681081561045
2018-12-28,0.03658909007911131
2018-12-29,0.036280446541891304
2018-12-30,0.03783426948744386
2018-12-31,0.03573330076716636
2019-01-01,0.03712245837024538
2019-01-02,0.0399794981124725
2019-01-03,0.03747106792934606
2019-01-04,0.03844656179861034
2019-01-05,0.03922701953799439
2019-01-06,0.04317010011710246
2019-01-07,0.04181044567689196
2019-01-08,0.042358588712782023
2019-01-09,0.045153329067105986
2019-01-10,0.038699201751266364
2019-01-11,0.03850098429668283
2019-01-12,0.03810467761122097
2019-01-13,0.035113243123682594
2019-01-14,0.038403674713707044
2019-01-15,0.03750695449779301
2019-01-16,0.039286143523352704
2019-01-17,0.03977828396077947
2019-01-18,0.038984663179804126
2019-01-19,0.04024657037686915
2019-01-20,0.03825333592476443
2019-01-21,0.03776510621191433
2019-01-22,0.038349071621970536
2019-01-23,0.037679571906271164
2019-01-24,0.03803557899708503
2019-01-25,0.03743996579419028
2019-01-26,0.037389848674576835
2019-01-27,0.03607253178364573
2019-01-28,0.03392228974603825
2019-01-29,0.03345099542612224
2019-01-30,0.034526349362912205
2019-01-31,0.033518844572962926
2019-02-01,0.03375812516835035
2019-02-02,0.03431593068493089
2019-02-03,0.03319162486619568
2019-02-04,0.03310297047704437
2019-02-05,0.03321485563670219
2019-02-06,0.03225821911910677
2019-02-07,0.03209960722857405
2019-02-08,0.03597523663101292
2019-02-09,0.03624642729524493
2019-02-10,0.037820273806299896
2019-02-11,0.037000372098675405
2019-02-12,0.03684199769219353
2019-02-13,0.03649902373885542
2019-02-14,0.035890481198593435
2019-02-15,0.03594029271747573
2019-02-16,0.03631728106634273
2019-02-17,0.03669428571300222
2019-02-18,0.04031706023401953
2019-02-19,0.04070611404280022
2019-02-20,0.04190995674989322
2019-02-21,0.03965344169058394
2019-02-22,0.04071701925099159
2019-02-23,0.04286064309705458
2019-02-24,0.03743233071615377
2019-02-25,0.03875378521343792
2019-02-26,0.03800781638862899
2019-02-27,0.03802632209787955
2019-02-28,0.0379162011217372
2019-03-01,0.03806965475244335
2019-03-02,0.037678394214889256
2019-03-03,0.03719543656363742
2019-03-04,0.035812333780854876
2019-03-05,0.03821681527248202
2019-03-06,0.037870976674185965
2019-03-07,0.038349521340876505
2019-03-08,0.037975163877350684
2019-03-09,0.041592510596505705
2019-03-10,0.040686334276570195
2019-03-11,0.042304898632473366
2019-03-12,0.04199564988239843
2019-03-13,0.041117163265357824
2019-03-14,0.042494275646575784
2019-03-15,0.04418297170645282
2019-03-16,0.04554493471923928
2019-03-17,0.04434626329493932
2019-03-18,0.04450448467621068
2019-03-19,0.04632059074461752
2019-03-20,0.0471586805430308
2019-03-21,0.0465074380902612
2019-03-22,0.051353167161220965
2019-03-23,0.05641059001882058
2019-03-24,0.054625700876805586
2019-03-25,0.052164961740179816
2019-03-26,0.0553191047691786
2019-03-27,0.06006825474519057
2019-03-28,0.05862283075108842
2019-03-29,0.06352551707023937
2019-03-30,0.0639269303002718
2019-03-31,0.062142949566415195
2019-04-01,0.06454866181086294
2019-04-02,0.07627250899937217
2019-04-03,0.0806799748187368
2019-04-04,0.0778494507338638
2019-04-05,0.08129189691066353
2019-04-06,0.08045662942373573
2019-04-07,0.080662097574629
2019-04-08,0.07729628620733718
2019-04-09,0.07433680966410976
2019-04-10,0.07978404491910146
2019-04-11,0.07404601095948694
2019-04-12,0.0738063702793825
2019-04-13,0.07404333996162707
2019-04-14,0.07487563025258913
2019-04-15,0.07281032498842296
2019-04-16,0.07424479843204329
2019-04-17,0.07353808614847852
2019-04-18,0.07278014113986984
2019-04-19,0.07069516450155419
2019-04-20,0.06803287363231342
2019-04-21,0.0659082021786443
2019-04-22,0.06931300865883712
2019-04-23,0.0663969581199431
2019-04-24,0.06513145496423316
2019-04-25,0.06217419669343494
2019-04-26,0.0620483109422559
2019-04-27,0.0629190302731668
2019-04-28,0.0615179676586901
2019-04-29,0.0577763578199287
2019-04-30,0.06272747776330537
2019-05-01,0.06161720754775431
2019-05-02,0.06137831684313044
2019-05-03,0.062333997096080354
2019-05-04,0.05967716724573725
2019-05-05,0.05913910984999924
2019-05-06,0.05961490051832026
2019-05-07,0.05722553245038989
2019-05-08,0.05769592371651412
2019-05-09,0.05499085033363469
2019-05-10,0.0564632551517615
2019-05-11,0.06691690208157537
2019-05-12,0.06237607597648979
2019-05-13,0.06505971715268241
2019-05-14,0.07541969182403634
2019-05-15,0.08383100358112289
2019-05-16,0.0789066964593838
2019-05-17,0.07458251933795688
2019-05-18,0.07085939313779559
2019-05-19,0.07792188628673152
2019-05-20,0.07596406874254912
2019-05-21,0.07577766137243828
2019-05-22,0.06988035619216647
2019-05-23,0.07214502893588193
2019-05-24,0.07216873359414175
2019-05-25,0.0718349113490658
2019-05-26,0.07673327542283276
2019-05-27,0.08191802874038719
2019-05-28,0.08310890186511675
2019-05-29,0.08158991974571962
2019-05-30,0.07591960363079114
2019-05-31,0.07990524253633662
2019-06-01,0.08088020936731928
2019-06-02,0.0864369772569135
2019-06-03,0.07887732635393357
2019-06-04,0.07329759143967354
2019-06-05,0.07430961521415354
2019-06-06,0.0740231476439002
2019-06-07,0.07568405615928255
2019-06-08,0.07427829294817365
2019-06-09,0.07019960911785741
2019-06-10,0.07557901363617968
2019-06-11,0.07764555277819714
2019-06-12,0.08545413660508223
2019-06-13,0.07955365313862021
2019-06-14,0.08069747906529465
2019-06-15,0.08164453867906307
2019-06-16,0.08229349182409786
2019-06-17,0.08334356504477224
2019-06-18,0.07960680995497711
2019-06-19,0.08008589116414164
2019-06-20,0.07737061824154924
2019-06-21,0.07865667780794365
2019-06-22,0.08287630864620431
2019-06-23,0.08490049161587937
2019-06-24,0.08572763465459328
2019-06-25,0.08476503101988517
2019-06-26,0.08511768894640992
2019-06-27,0.07601991562376127
2019-06-28,0.07847265745764699
2019-06-29,0.07946289594207803
2019-06-30,0.07225942209080415
2019-07-01,0.07426425350422068
2019-07-02,0.07180564243756223
2019-07-03,0.07353432855905996
2019-07-04,0.06891472372580522
2019-07-05,0.06812849963785851
2019-07-06,0.06885560111549897
2019-07-07,0.07122055320340247
2019-07-08,0.07174803011909892
2019-07-09,0.06960201031020584
2019-07-10,0.06389774096813823
2019-07-11,0.057952837700485406
2019-07-12,0.061830193424057066
2019-07-13,0.0591850342863139
2019-07-14,0.05272368008759198
2019-07-15,0.05286741805813961
2019-07-16,0.04642321569490679
2019-07-17,0.04919766713760277
2019-07-18,0.05219130140644957
2019-07-19,0.05324607309163595
2019-07-20,0.056074913435299675
2019-07-21,0.05455668392066366
2019-07-22,0.05306608673662391
2019-07-23,0.05004414992455771
2019-07-24,0.0529940192089281
2019-07-25,0.05263185400530024
2019-07-26,0.05647002368384719
2019-07-27,0.05376389314540659
2019-07-28,0.05343366544686093
2019-07-29,0.05419985770452933
2019-07-30,0.05372499117039493
2019-07-31,0.0543328662767105
2019-08-01,0.05313796246211888
2019-08-02,0.051607708395774235
2019-08-03,0.05192333131166954
2019-08-04,0.05065774405308905
2019-08-05,0.05041152081099518
2019-08-06,0.04763002112975104
2019-08-07,0.04632852636549089
2019-08-08,0.04645863956240911
2019-08-09,0.04223349989278571
2019-08-10,0.04608046248331791
2019-08-11,0.04905472099561673
2019-08-12,0.04719738452793508
2019-08-13,0.047032410311704194
2019-08-14,0.04218057406338974
2019-08-15,0.04276899458578778
2019-08-16,0.04221810696159331
2019-08-17,0.04271540709592931
2019-08-18,0.04573696715411521
2019-08-19,0.04538388369988626
2019-08-20,0.044330721258625506
2019-08-21,0.04247663688732102
2019-08-22,0.04457153065685247
2019-08-23,0.04435281891498904
2019-08-24,0.04465604476638947
2019-08-25,0.04436160584849423
2019-08-26,0.04476721127768864
2019-08-27,0.04494005425154777
2019-08-28,0.04133966765608645
2019-08-29,0.04041094407108218
2019-08-30,0.04071417216310031
2019-08-31,0.04086022263543702
2019-09-01,0.040524245525299665
2019-09-02,0.04137068162013258
2019-09-03,0.042621850444923684
2019-09-04,0.041248001144803294
2019-09-05,0.04027604611589659
2019-09-06,0.03990756748934445
2019-09-07,0.04152067750078662
2019-09-08,0.04239655396475416
2019-09-09,0.04248425176503419
2019-09-10,0.04209334255843145
2019-09-11,0.04084949839366516
2019-09-12,0.04111197521349709
2019-09-13,0.041108831587502136
2019-09-14,0.041801560642766876
2019-09-15,0.04222400416870541
2019-09-16,0.04277434551793849
2019-09-17,0.04425235992093963
2019-09-18,0.04831835930505018
2019-09-19,0.04752565929451144
2019-09-20,0.04749699671634713
2019-09-21,0.047117168747904434
2019-09-22,0.044568913742462246
2019-09-23,0.04208446899108707
2019-09-24,0.03411434777797408
2019-09-25,0.03596894510987421
2019-09-26,0.035002654695593764
2019-09-27,0.03613055015440467
2019-09-28,0.03549059210434581
2019-09-29,0.034254279994997784
2019-09-30,0.03567502250149332
2019-10-01,0.035218913760485276
2019-10-02,0.03598863476757758
2019-10-03,0.03494866591478462
2019-10-04,0.036127104909558776
2019-10-05,0.036187360523029385
2019-10-06,0.03579943903704226
2019-10-07,0.037979715500750494
2019-10-08,0.03781284552595937
2019-10-09,0.03880195778968826
2019-10-10,0.03783624300149469
2019-10-11,0.03679943337521727
2019-10-12,0.03673902652527074
2019-10-13,0.03747083590021388
2019-10-14,0.03790060775667541
2019-10-15,0.03603708264879667
2019-10-16,0.0349819939468006
2019-10-17,0.03552666887341972
2019-10-18,0.03408560978303114
2019-10-19,0.03511677399730209
2019-10-20,0.035434195670388094
2019-10-21,0.03522319352593619
2019-10-22,0.03487966987499572
2019-10-23,0.03270539607188921
2019-10-24,0.03393911057326253
2019-10-25,0.037225240747296495
2019-10-26,0.03659345240835405
2019-10-27,0.03819446355017355
2019-10-28,0.038170017827944366
2019-10-29,0.03909138943883063
2019-10-30,0.037626856981528914
2019-10-31,0.03731786867623098
2019-11-01,0.037915784975245406
2019-11-02,0.0381456159684429
2019-11-03,0.03754938778662907
2019-11-04,0.038853696951450134
2019-11-05,0.04002991089153469
2019-11-06,0.04061213879200162
2019-11-07,0.03948154888273525
2019-11-08,0.03838474987283917
2019-11-09,0.038520251056075525
2019-11-10,0.039880020892125057
2019-11-11,0.039141032466194485
2019-11-12,0.039744851708797525
2019-11-13,0.039503784835862435
2019-11-14,0.03912953241052414
2019-11-15,0.03979120838558907
2019-11-16,0.03996957648173331
2019-11-17,0.04108795966534306
2019-11-18,0.03955992092548579
2019-11-19,0.03840308674203941
2019-11-20,0.03716830366789893
2019-11-21,0.03470789249333987
2019-11-22,0.0337053630913807
2019-11-23,0.034789925225252316
2019-11-24,0.03228715278688454
2019-11-25,0.03273848225413215
2019-11-26,0.03355822180874714
2019-11-27,0.03548762386785757
2019-11-28,0.035590007122171245
2019-11-29,0.037594731747371685
2019-11-30,0.036689638000356115
2019-12-01,0.03592653247179139
2019-12-02,0.03436068461525437
2019-12-03,0.0342120120949941
2019-12-04,0.033750503209753896
2019-12-05,0.034103167102911496
2019-12-06,0.0346488336698293
2019-12-07,0.03504683005353968
2019-12-08,0.03521653338614491
2019-12-09,0.03387738282153106
2019-12-10,0.03300032124114806
2019-12-11,0.03292521045023933
2019-12-12,0.032826679415441706
2019-12-13,0.03336914178428186
2019-12-14,0.032756734280484735
2019-12-15,0.03294822031718081
2019-12-16,0.030771056605637333
2019-12-17,0.028516751689385195
2019-12-18,0.031003665671205653
2019-12-19,0.029892543123325895
2019-12-20,0.03069757502329014
2019-12-21,0.03002741542951161
2019-12-22,0.03110812719772096
2019-12-23,0.029930749458097962
2019-12-24,0.03080540339238914
2019-12-25,0.030399936109694943
2019-12-26,0.030885601409309554
2019-12-27,0.029620154547716864
2019-12-28,0.03009668634914642
2019-12-29,0.030659993616136676
2019-12-30,0.029990970356443224
2019-12-31,0.02927392098558156
2020-01-01,0.02982223611967532
2020-01-02,0.029316736601544182
2020-01-03,0.03062830244146454
2020-01-04,0.031000267063480993
2020-01-05,0.03111098259318963
2020-01-06,0.03329250124321831
2020-01-07,0.03322157532005143
2020-01-08,0.03278633674694466
2020-01-09,0.032730170340209044
2020-01-10,0.03315685909459052
2020-01-11,0.03311029015777215
2020-01-12,0.03390475063637577
2020-01-13,0.03319661802139852
2020-01-14,0.03743946110802332
2020-01-15,0.038152041298146394
2020-01-16,0.03716492288793192
2020-01-17,0.04055536514923589
2020-01-18,0.04044010128675379
2020-01-19,0.03783871606577784
2020-01-20,0.03953775524870533
2020-01-21,0.04148571923602644
2020-01-22,0.04114235667969923
2020-01-23,0.039198350753844716
2020-01-24,0.040819749802589976
2020-01-25,0.03922600288886814
2020-01-26,0.04043310537285938
2020-01-27,0.043479263153947366
2020-01-28,0.04795504342910879
2020-01-29,0.04858720577459142
2020-01-30,0.05083530735123721
2020-01-31,0.0484837346496489
2020-02-01,0.050558949738665086
2020-02-02,0.050290199156345486
2020-02-03,0.05150670759418424
2020-02-04,0.050695960574610156
2020-02-05,0.05384868620878853
2020-02-06,0.05441760571481195
2020-02-07,0.05462552824521214
2020-02-08,0.05476234410825318
2020-02-09,0.056444112752924464
2020-02-10,0.05535438204404993
2020-02-11,0.05790776718620366
2020-02-12,0.06287222514516289
2020-02-13,0.06325544122354136
2020-02-14,0.06516740402855237
2020-02-15,0.05896410557083828
2020-02-16,0.05778952398306003
2020-02-17,0.055405802007316735
2020-02-18,0.05798800151508006
2020-02-19,0.053325672882964234
2020-02-20,0.05400584253207336
2020-02-21,0.05406340491338172
2020-02-22,0.05378065597838022
2020-02-23,0.05675582885560773
2020-02-24,0.05434798274254049
2020-02-25,0.05180740900794263
2020-02-26,0.045435133024076244
2020-02-27,0.04517456164134783
2020-02-28,0.044086907237268026
2020-02-29,0.04311028826090942
2020-03-01,0.04156426405281919
2020-03-02,0.04392900186523594
2020-03-03,0.04362670189136745
2020-03-04,0.04399912938733403
2020-03-05,0.045495337551226527
2020-03-06,0.04558420371682755
2020-03-07,0.04336551813377643
2020-03-08,0.038020967159209544
2020-03-09,0.036396237145407476
2020-03-10,0.0366660776105704
2020-03-11,0.03520585016615634
2020-03-12,0.02142262753857489
2020-03-13,0.025523769492446998
2020-03-14,0.023338045653297765
2020-03-15,0.024315853079810122
2020-03-16,0.02161258144523647
2020-03-17,0.022921037117094867
2020-03-18,0.02312042737096746
2020-03-19,0.028567889064411215
2020-03-20,0.027286932195019244
2020-03-21,0.027327260125822494
2020-03-22,0.025331910153715956
2020-03-23,0.02701785916777748
2020-03-24,0.027931264304696363
2020-03-25,0.027035992076244287
2020-03-26,0.027814357248535843
2020-03-27,0.02623945225195029
2020-03-28,0.02665623896059622
2020-03-29,0.025354423457758922
2020-03-30,0.027087055601631514
2020-03-31,0.02770882774332885
2020-04-01,0.02817123965635638
2020-04-02,0.029493916481579157
2020-04-03,0.029890687889696146
2020-04-04,0.030083092570573983
2020-04-05,0.029614684651491884
2020-04-06,0.03297474073174944
2020-04-07,0.032248998803473775
2020-04-08,0.03343449056040148
2020-04-09,0.03313212707597355
2020-04-10,0.030371200383403966
2020-04-11,0.030500700242255232
2020-04-12,0.030926243000778796
2020-04-13,0.03031284792528891
2020-04-14,0.030018014688711847
2020-04-15,0.02921987995678241
2020-04-16,0.031687960026729814
2020-04-17,0.03179605408552457
2020-04-18,0.03361204809362949
2020-04-19,0.03296274527909834
2020-04-20,0.03145650545117466
2020-04-21,0.03196232251738884
2020-04-22,0.03382942653668361
2020-04-23,0.03768475360277184
2020-04-24,0.03868724199835512
2020-04-25,0.039186872955312674
2020-04-26,0.04239941768582312
2020-04-27,0.04305205605176286
2020-04-28,0.04356737311962697
2020-04-29,0.047529145621062065
2020-04-30,0.043719278647156086
2020-05-01,0.04620701910387352
2020-05-02,0.045981565690440575
2020-05-03,0.044649233384936725
2020-05-04,0.04554610739052943
2020-05-05,0.04554342308878894
2020-05-06,0.046083103000516205
2020-05-07,0.047162156745969214
2020-05-08,0.047685071955368426
2020-05-09,0.04715924882617106
2020-05-10,0.04398635128161499
2020-05-11,0.04451045124061094
2020-05-12,0.04648708536936767
2020-05-13,0.04756562381808767
2020-05-14,0.04709013998514838
2020-05-15,0.04663139782837293
2020-05-16,0.047064708039538536
2020-05-17,0.047457063652444786
2020-05-18,0.04970791671792759
2020-05-19,0.051662435040154144
2020-05-20,0.051800077243498194
2020-05-21,0.04771590647674057
2020-05-22,0.0512208913258026
2020-05-23,0.050751577433201744
2020-05-24,0.04825944783394169
2020-05-25,0.04954688981488801
2020-05-26,0.04866585971169521
2020-05-27,0.05009203734934471
2020-05-28,0.05827956803766285
2020-05-29,0.058226332002288
2020-05-30,0.06929998271869406
2020-05-31,0.06687891623520073
2020-06-01,0.07295721843889467
2020-06-02,0.07013935413793525
2020-06-03,0.07604937908728793
2020-06-04,0.07847978267143228
2020-06-05,0.0756729741224783
2020-06-06,0.07618636666563351
2020-06-07,0.07655311210219981
2020-06-08,0.07645795393299343
2020-06-09,0.07359478603963235
2020-06-10,0.07349113910170665
2020-06-11,0.06675787218089854
2020-06-12,0.0706701337463748
2020-06-13,0.07021349144366479
2020-06-14,0.0682131729753714
2020-06-15,0.0691396644791158
2020-06-16,0.07018736294073315
2020-06-17,0.07422002569729702
2020-06-18,0.07331823778181452
2020-06-19,0.07120420068650786
2020-06-20,0.07098163812392998
2020-06-21,0.07021473541772136
2020-06-22,0.0741320546487544
2020-06-23,0.07332797560294645
2020-06-24,0.07340470799176513
2020-06-25,0.07281178591000993
2020-06-26,0.07181214125867738
2020-06-27,0.06924431633319514
2020-06-28,0.07162495132135867
2020-06-29,0.07457190616684682
2020-06-30,0.07398319076393163
2020-07-01,0.08527870795156098
2020-07-02,0.08393119468703522
2020-07-03,0.08583199551000027
2020-07-04,0.08888594756289817
2020-07-05,0.08731655644265122
2020-07-06,0.09301305827464403
2020-07-07,0.10426018987258347
2020-07-08,0.11458654585150808
2020-07-09,0.11010647149553708
2020-07-10,0.10469912924834507
2020-07-11,0.11080892947958876
2020-07-12,0.1120898530167126
2020-07-13,0.10942459239694179
2020-07-14,0.11565994308055917
2020-07-15,0.11418384851347829
2020-07-16,0.11055019417129029
2020-07-17,0.10718116268220464
2020-07-18,0.1071590756621968
2020-07-19,0.10809699851056673
2020-07-20,0.10292142380417305
2020-07-21,0.10658586472172124
2020-07-22,0.10714679285969098
2020-07-23,0.10674290500842398
2020-07-24,0.10456636772098547
2020-07-25,0.12317880221778456
2020-07-26,0.127090545375681
2020-07-27,0.11792929721912804
2020-07-28,0.12679203805259007
2020-07-29,0.11870740324827199
2020-07-30,0.11838897452042865
2020-07-31,0.1178368163124618
2020-08-01,0.12189084227317591
2020-08-02,0.11332377071215433
2020-08-03,0.11678945114687399
2020-08-04,0.12105436641349282
2020-08-05,0.12019086787931704
2020-08-06,0.1213028388849393
2020-08-07,0.11803968559662514
2020-08-08,0.12365978517394946
2020-08-09,0.12328333566640319
2020-08-10,0.12255002937230147
2020-08-11,0.11710718726211924
2020-08-12,0.11650593451917413
2020-08-13,0.1195332288132748
2020-08-14,0.11681526986496903
2020-08-15,0.11678662389976921
2020-08-16,0.11682894281915525
2020-08-17,0.11867133453522787
2020-08-18,0.11500134005348153
2020-08-19,0.10915017955457218
2020-08-20,0.11258318258785693
2020-08-21,0.10492172392300513
2020-08-22,0.10621080765854805
2020-08-23,0.10306314656489218
2020-08-24,0.10554789422719967
2020-08-25,0.09572231976285195
2020-08-26,0.09737045987391493
2020-08-27,0.09038736242339729
2020-08-28,0.09193796580573399
2020-08-29,0.09802347411209807
2020-08-30,0.09851961535173569
2020-08-31,0.10277597219956032
2020-09-01,0.10517062839076519
2020-09-02,0.0975842387458095
2020-09-03,0.08121319303000814
2020-09-04,0.08653911893998296
2020-09-05,0.07596161216903377
2020-09-06,0.07863081252226466
2020-09-07,0.07896930685257512
2020-09-08,0.07734472651592676
2020-09-09,0.07908546743127437
2020-09-10,0.08215478732025104
2020-09-11,0.08187116906364013
2020-09-12,0.0823788422164655
2020-09-13,0.0801198014864571
2020-09-14,0.08153926996215867
2020-09-15,0.078929738049042
2020-09-16,0.07764932427291212
2020-09-17,0.07950790755496652
2020-09-18,0.07692421762612882
2020-09-19,0.07741476158014557
2020-09-20,0.07549067201456014
2020-09-21,0.06836000107203229
2020-09-22,0.06982926360133097
2020-09-23,0.06585159968387028
2020-09-24,0.0709431583590997
2020-09-25,0.08326509902550004
2020-09-26,0.08215924169303995
2020-09-27,0.08705777990167979
2020-09-28,0.08621037904283975
2020-09-29,0.08617132705086017
2020-09-30,0.08621016211920014
2020-10-01,0.08333269009589979
2020-10-02,0.0793037365141998
2020-10-03,0.07972357761620978
2020-10-04,0.08220974799967988
2020-10-05,0.08273984042530014
2020-10-06,0.07907135829896
2020-10-07,0.07972322847674995
2020-10-08,0.08171374502317015
2020-10-09,0.08616348658988021
2020-10-10,0.08877207822271968
2020-10-11,0.09016581815395018
2020-10-12,0.09314731059760004
2020-10-13,0.09270209157728031
2020-10-14,0.0913577223967198
2020-10-15,0.09108919559419974
2020-10-16,0.08881822285499975
2020-10-17,0.09057073300485019
2020-10-18,0.09165269737277999
2020-10-19,0.09234620917760024
2020-10-20,0.08664633754722013
2020-10-21,0.08959572780949991
2020-10-22,0.09357796927940022
2020-10-23,0.09111308597005029
2020-10-24,0.09110656963416029
2020-10-25,0.08976367931310017
2020-10-26,0.08730369060321967
2020-10-27,0.08727509457714033
2020-10-28,0.08424265806527968
2020-10-29,0.08167067166239976
2020-10-30,0.07997042002500025
2020-10-31,0.07968829379755973
2020-11-01,0.08434985195043028
2020-11-02,0.07915732137280025
2020-11-03,0.0794391755357203
2020-11-04,0.08127933044465994
2020-11-05,0.08207963425716003
2020-11-06,0.09188478979317038
2020-11-07,0.08537651044410029
2020-11-08,0.08965303942271007
2020-11-09,0.08907764240092013
2020-11-10,0.08952577066473004
2020-11-11,0.08995628668950006
2020-11-12,0.0885520629560999
2020-11-13,0.0898888978815601
2020-11-14,0.0880392981814601
2020-11-15,0.08486858100825974
2020-11-16,0.08769999257474027
2020-11-17,0.09238436920907994
2020-11-18,0.08982604098548994
2020-11-19,0.0892211628504397
2020-11-20,0.09971131892859986
2020-11-21,0.11212699263682004
2020-11-22,0.12199923895056036
2020-11-23,0.12962624105087964
2020-11-24,0.13979332209194945
2020-11-25,0.13020724946997053
2020-11-26,0.11609637421875012
2020-11-27,0.11788699025375998
2020-11-28,0.13774180045077958
2020-11-29,0.1392022469885597
2020-11-30,0.1435033457431103
2020-12-01,0.12921807301832008
2020-12-02,0.13088526228432032
2020-12-03,0.13520738218458053
2020-12-04,0.12230619606537046
2020-12-05,0.13170600952000025
2020-12-06,0.13107698375624963
2020-12-07,0.12727007867739962
2020-12-08,0.11637711424970978
2020-12-09,0.12266889840657975
2020-12-10,0.11693017613549983
2020-12-11,0.11513674758189983
2020-12-12,0.11927395616899981
2020-12-13,0.12689467624860018
2020-12-14,0.13004872526387987
2020-12-15,0.12695305823241032
2020-12-16,0.1374135130215998
2020-12-17,0.13332809541387
2020-12-18,0.1346095582105805
2020-12-19,0.13437778583065957
2020-12-20,0.13264813819403973
2020-12-21,0.12477000128432014
2020-12-22,0.1281500395397198
2020-12-23,0.11185261419635013
2020-12-24,0.12548094260413972
2020-12-25,0.129233820558
2020-12-26,0.129447031548
2020-12-27,0.12653387464808985
2020-12-28,0.1446095435756996
2020-12-29,0.15682379318315967
2020-12-30,0.14964297794384038
2020-12-31,0.14849743802191975
2021-01-01,0.1442570557623301
2021-01-02,0.14620731761749955
2021-01-03,0.1673424272612806
2021-01-04,0.18344071548652074
2021-01-05,0.21003663701054973
2021-01-06,0.2689921096978506
2021-01-07,0.24449905444439932
2021-01-08,0.24997699273264093
2021-01-09,0.27237045122864106
2021-01-10,0.25017635029959956
2021-01-11,0.22652110654154994
2021-01-12,0.23508360786693994
2021-01-13,0.2578611958301002
2021-01-14,0.25545323554384075
2021-01-15,0.2504494311601691
2021-01-16,0.29177041295599887
2021-01-17,0.31479949679465885
2021-01-18,0.30753446809493945
2021-01-19,0.3040883831827203
2021-01-20,0.3098666258827202
2021-01-21,0.25498938815903
2021-01-22,0.2871973784025806
2021-01-23,0.28390776060760986
2021-01-24,0.2908488107983203
2021-01-25,0.2831994141572695
2021-01-26,0.2829944672230004
2021-01-27,0.2586811316229008
2021-01-28,0.28555686975739997
2021-01-29,0.2868179025369004
2021-01-30,0.2987590415548194
2021-01-31,0.28450676128029884
2021-02-01,0.3331448360394996
2021-02-02,0.3541209674069202
2021-02-03,0.3665691673355007
2021-02-04,0.3685919308825588
2021-02-05,0.44641363115320115
2021-02-06,0.5211079280549087
2021-02-07,0.5504668717260289
2021-02-08,0.5662860026795987
2021-02-09,0.580633679342342
2021-02-10,0.7676690477563185
2021-02-11,0.7647909708289797
2021-02-12,0.7636762390420774
2021-02-13,0.7472628439981529
2021-02-14,0.6999852371751392
2021-02-15,0.7096908053263593
2021-02-16,0.7204967614227622
2021-02-17,0.7396254817817582
2021-02-18,0.7559806114427503
2021-02-19,0.7654978926181976
2021-02-20,0.9266671545079169
2021-02-21,0.9076546076295628
2021-02-22,0.9035997738003064
2021-02-23,0.7857027092006429
2021-02-24,0.864178854226529
2021-02-25,0.8875838656620001
2021-02-26,1.0280795786496206
2021-02-27,1.0974559703832407
2021-02-28,1.0818681710149463
2021-03-01,1.0726366985245477
2021-03-02,1.0141459430641482
2021-03-03,1.0099183554851978
2021-03-04,0.9316026535560017
2021-03-05,0.981024161652258
2021-03-06,0.9491462000037583
2021-03-07,0.9503097937737609
2021-03-08,0.9434324236369476
2021-03-09,1.0045890434998217
2021-03-10,0.9518246142469974
2021-03-11,0.9388123299516762
2021-03-12,0.8693280513717075
2021-03-13,0.9230247942997879
2021-03-14,0.8863018424191782
2021-03-15,0.8665902524818906
2021-03-16,1.0443200234402195
2021-03-17,1.1505526596506443
2021-03-18,1.0395781309849415
2021-03-19,1.090000880826103
2021-03-20,1.0099536272149028
2021-03-21,1.0006460110625297
2021-03-22,0.9301553992790835
2021-03-23,0.9472169791430307
2021-03-24,0.9100346647699583
2021-03-25,0.9354599709980874
2021-03-26,1.0292915125008122
2021-03-27,0.9975877435400521
2021-03-28,1.0106173090074608
2021-03-29,1.02182919371125
2021-03-30,1.0349650410825042
2021-03-31,1.0175061255764428
2021-04-01,1.00967439937175
2021-04-02,1.0174481787618037
2021-04-03,0.9977445244555818
2021-04-04,1.0124721797856102
2021-04-05,1.0275829912529995
2021-04-06,1.0572380420150729
2021-04-07,0.989827842662997
2021-04-08,1.0234115371125032
2021-04-09,1.0113102046712001
2021-04-10,1.0240811364998217
2021-04-11,1.064836173028199
2021-04-12,1.1047359205864797
2021-04-13,1.1810254600585792
2021-04-14,1.2145262504933534
2021-04-15,1.2378088500396296
2021-04-16,1.1825301991311867
2021-04-17,1.1557963253444343
2021-04-18,1.0656848117426394
2021-04-19,0.9948581045298482
2021-04-20,1.052095184980144
2021-04-21,1.0025335506136002
2021-04-22,0.9546979065067213
2021-04-23,0.9552442745395716
2021-04-24,0.9104251406901264
2021-04-25,0.9001549581905568
2021-04-26,1.021581767663046
2021-04-27,1.0810692607329573
2021-04-28,1.1006648675185775
2021-04-29,1.0788183899087993
2021-04-30,1.125211879788807
2021-05-01,1.1256875515620022
2021-05-02,1.1032404969029188
2021-05-03,1.1294495747672002
2021-05-04,1.0603886565089975
2021-05-05,1.2288293710617553
2021-05-06,1.3676553675582044
2021-05-07,1.3593844838523
2021-05-08,1.33151438912938
2021-05-09,1.454780513170984
2021-05-10,1.3546999860190152
2021-05-11,1.4526030821033455
2021-05-12,1.2856617709009845
2021-05-13,1.6011431219632208
2021-05-14,1.6507953672664342
2021-05-15,1.7899267116508206
2021-05-16,1.9005266545319033
2021-05-17,1.6717150808875554
2021-05-18,1.6393183919383436
2021-05-19,1.2181197041279188
2021-05-20,1.480912875250515
2021-05-21,1.274446955687177
2021-05-22,1.2016601796097772
2021-05-23,1.0881408868545586
2021-05-24,1.2685877846506366
2021-05-25,1.2700206113207966
2021-05-26,1.4621921756211684
2021-05-27,1.3499320543684756
2021-05-28,1.240095441510237
2021-05-29,1.1533537641879017
2021-05-30,1.2939630942359712
2021-05-31,1.4247073425483552
2021-06-01,1.4199042334464012
2021-06-02,1.4356068731659948
2021-06-03,1.5171831077122502
2021-06-04,1.4061579000061788
2021-06-05,1.3635826970880813
2021-06-06,1.3793103051250042
2021-06-07,1.282879716594
2021-06-08,1.3045744372790993
2021-06-09,1.3341640690341596
2021-06-10,1.2583912148467495
2021-06-11,1.1862113495052464
2021-06-12,1.2224175332500964
2021-06-13,1.2868722814760665
2021-06-14,1.299397929524731
2021-06-15,1.3177696771799123
2021-06-16,1.235997330574121
2021-06-17,1.2441906312960052
2021-06-18,1.1930684018243394
2021-06-19,1.1720570943408495
2021-06-20,1.2039290800728137
2021-06-21,0.9884378234367225
2021-06-22,0.9661665684610803
2021-06-23,1.0501747872963185
2021-06-24,1.1368933835553792
2021-06-25,1.0525469967820809
2021-06-26,1.0476122373748473
2021-06-27,1.1180258110616583
2021-06-28,1.110539660280997
2021-06-29,1.149908970346918
2021-06-30,1.1668835027889988
2021-07-01,1.1275165249166508
2021-07-02,1.1752340796350405
2021-07-03,1.1857178911099204
2021-07-04,1.2299304213147966
2021-07-05,1.1841689399166029
2021-07-06,1.1994541702503645
2021-07-07,1.189785378951818
2021-07-08,1.1228134911292809
2021-07-09,1.1361360089422015
2021-07-10,1.1249357066899206
2021-07-11,1.1355574810185372
2021-07-12,1.1085562867145502
2021-07-13,1.0743718821225037
2021-07-14,1.066707559366199
2021-07-15,1.0355888420981232
2021-07-16,0.9942187142257987
2021-07-17,0.9930215840775986
2021-07-18,1.0020677854581461
2021-07-19,0.9507432206623908
2021-07-20,0.8965580091273392
2021-07-21,0.9904591998762509
2021-07-22,1.0075693301655781
2021-07-23,1.0247686447679096
2021-07-24,1.0478852714470357
2021-07-25,1.0434915801388784
2021-07-26,1.0660772846872204
2021-07-27,1.0814938922127992
2021-07-28,1.0835235977200026
2021-07-29,1.0797860758289983
2021-07-30,1.10299740535917
2021-07-31,1.1143040152752328
2021-08-01,1.1105830125599976
2021-08-02,1.103310439682216
2021-08-03,1.1500755158607006
2021-08-04,1.1628347210627665
2021-08-05,1.1713481905103984
2021-08-06,1.1917115464679964
2021-08-07,1.2502787944894762
2021-08-08,1.2153945799156405
2021-08-09,1.2589050104378978
2021-08-10,1.4271371297486786
2021-08-11,1.5313028035568432
2021-08-12,1.5541154834901265
2021-08-13,1.8107732828088372
2021-08-14,1.8579285183642014
2021-08-15,1.8391796495537573
2021-08-16,1.7654353112243
2021-08-17,1.6453464092194987
2021-08-18,1.8017396017996066
2021-08-19,2.079599585536804
2021-08-20,2.1005094306746313
2021-08-21,2.0821019448635942
2021-08-22,2.3200177342539936
2021-08-23,2.484081193261497
2021-08-24,2.3152698519893717
2021-08-25,2.3258709374813153
2021-08-26,2.1572524840909013
2021-08-27,2.496054462342007
2021-08-28,2.4140680216776067
2021-08-29,2.4206338249439012
2021-08-30,2.3169048507621848
2021-08-31,2.3475571132707826
2021-09-01,2.4243280796188724
2021-09-02,2.495766340764265
2021-09-03,2.4987170690110903
2021-09-04,2.383815555260884
2021-09-05,2.4490658049606058
2021-09-06,2.3850831316592176
2021-09-07,2.1127885002282625
2021-09-08,2.0940853456274326
2021-09-09,2.129190339167994
2021-09-10,2.020126823718898
2021-09-11,2.2293828602168593
2021-09-12,2.1856821213697453
2021-09-13,2.032807083660259
2021-09-14,2.029764114524557
2021-09-15,2.1166409457207633
2021-09-16,2.0577943474955886
2021-09-17,2.0011671777836573
2021-09-18,2.021148064612213
2021-09-19,1.9457943490391547
2021-09-20,1.7600398877245123
2021-09-21,1.6949963767176335
2021-09-22,1.9390046372523846
2021-09-23,1.985455605358472
2021-09-24,1.946383418148608
2021-09-25,1.9637552380527343
2021-09-26,1.8839455958845053
2021-09-27,1.8262222333714766
2021-09-28,1.7449198406995494
2021-09-29,1.7806373760085619
2021-09-30,1.826914099844043
2021-10-01,1.947677742423611
2021-10-02,1.941926219334174
2021-10-03,1.941003286099848
2021-10-04,1.8846222950557516
2021-10-05,1.9257951426488156
2021-10-06,1.9144411738398333
2021-10-07,1.9698035446375333
2021-10-08,1.9337679214868746
2021-10-09,1.9590035035521751
2021-10-10,1.8997791191157234
2021-10-11,1.8811770742225142
2021-10-12,1.8378783424773495
2021-10-13,1.8876357371604804
2021-10-14,1.8725437300565262
2021-10-15,1.9092302706193733
2021-10-16,1.8773868042333337
2021-10-17,1.860007098391355
2021-10-18,1.8325795185960065
2021-10-19,1.8162746550834956
2021-10-20,1.8759493375270648
2021-10-21,1.837983231727438
2021-10-22,1.8500432740558315
2021-10-23,1.8612055502829912
2021-10-24,1.8243238690639567
2021-10-25,1.8469308314533335
2021-10-26,1.8443294626831277
2021-10-27,1.6495415848647121
2021-10-28,1.701907118837864
2021-10-29,1.7404810348497268
2021-10-30,1.6931114921997688
2021-10-31,1.7003780545687512
2021-11-01,1.6810989529378964
2021-11-02,1.702526673667558
2021-11-03,1.7767619144829878
2021-11-04,1.717712689470542
2021-11-05,1.7194346882121918
2021-11-06,1.737097402022084
2021-11-07,1.7477728902335252
2021-11-08,1.833211965708954
2021-11-09,1.9608974607834682
2021-11-10,1.829944221834439
2021-11-11,1.8217842494980465
2021-11-12,1.7876555913032581
2021-11-13,1.794067670606336
2021-11-14,1.7837563816292925
2021-11-15,1.7731927377266004
2021-11-16,1.6583493745696085
2021-11-17,1.657159348068841
2021-11-18,1.573023089526907
2021-11-19,1.6521449912312358
2021-11-20,1.7025949542742622
2021-11-21,1.63165458815924
2021-11-22,1.5803182180476931
2021-11-23,1.5564873275510904
2021-11-24,1.5052973844165327
2021-11-25,1.4732143914902378
2021-11-26,1.350194354301551
2021-11-27,1.365828568342646
2021-11-28,1.4105444593654477
2021-11-29,1.4190687337927412
2021-11-30,1.3723684760239103
2021-12-01,1.3673515287901925
2021-12-02,1.517218790009124
2021-12-03,1.3757171250390523
2021-12-04,1.2557069359572735
2021-12-05,1.2191044755812248
2021-12-06,1.2632190982867932
2021-12-07,1.2258908801893431
2021-12-08,1.231520635249863
2021-12-09,1.1426228589621834
2021-12-10,1.0705379220594449
2021-12-11,1.196648540856723
2021-12-12,1.1911519633064667
2021-12-13,1.0859697128118704
2021-12-14,1.086231285833052
2021-12-15,1.1618976079524357
2021-12-16,1.094530997674476
2021-12-17,1.0852990388577475
2021-12-18,1.105457500352808
2021-12-19,1.1070488486678924
2021-12-20,1.0979783762967643
2021-12-21,1.1347619158601454
2021-12-22,1.1725137216774597
2021-12-23,1.3023537494733732
2021-12-24,1.2297344324248023
2021-12-25,1.2837227887622094
2021-12-26,1.2858668208439739
2021-12-27,1.3353620425581971
2021-12-28,1.2394936820706162
2021-12-29,1.171511569731492
2021-12-30,1.2014956449367178
2021-12-31,1.1519387635182436
2022-01-01,1.2106392450957308
2022-01-02,1.2112844212538392
2022-01-03,1.1693729233235781
2022-01-04,1.162489324371716
2022-01-05,1.0927757244650824
2022-01-06,1.1327875451080482
2022-01-07,1.0663053573615888
2022-01-08,1.0452526082561404
2022-01-09,1.0339091686637116
2022-01-10,0.9956392997625596
2022-01-11,1.042676789312946
2022-01-12,1.1402916462682093
2022-01-13,1.0763424538366513
2022-01-14,1.130873446478681
2022-01-15,1.135548785630082
2022-01-16,1.2338211212659023
2022-01-17,1.3971103477132625
2022-01-18,1.2935917120126355
2022-01-19,1.1828638425991478
2022-01-20,1.112003771551488
2022-01-21,0.9900908492651757
2022-01-22,0.9402730295276229
2022-01-23,0.9896431411659786
2022-01-24,0.9419096295219936
2022-01-25,0.9232543001905565
2022-01-26,0.9599215094692819
2022-01-27,0.9363666412433457
2022-01-28,0.9422981595503396
2022-01-29,0.9503379046988836
2022-01-30,0.9302773127486686
2022-01-31,0.9371082068852841
2022-02-01,0.9656793313622097
2022-02-02,0.9105643304918288
2022-02-03,0.9238255682199383
2022-02-04,0.9918842495242903
2022-02-05,0.9846539061815398
2022-02-06,0.9992045279758794
2022-02-07,1.0464465881130247
2022-02-08,1.032100387731378
2022-02-09,1.0461437464263028
2022-02-10,1.0099289129284215
2022-02-11,0.9517643689695925
2022-02-12,0.9323089137442977
2022-02-13,0.9202542266927508
2022-02-14,0.9289370702569827
2022-02-15,0.9754146955397762
2022-02-16,0.9540021223212982
2022-02-17,0.8975194776845167
2022-02-18,0.8806821737518873
2022-02-19,0.8812028092333467
2022-02-20,0.8243315820053705
2022-02-21,0.7588866082448338
2022-02-22,0.7847473965555517
2022-02-23,0.7687807050090876
2022-02-24,0.7626072607839506
2022-02-25,0.796547568988589
2022-02-26,0.7877197479384395
2022-02-27,0.7677151418493386
2022-02-28,0.8558918996673911
2022-03-01,0.8644552865911042
2022-03-02,0.8446928921239177
2022-03-03,0.815712443320868
2022-03-04,0.77115233461497
2022-03-05,0.7922133690792211
2022-03-06,0.757564015537054
2022-03-07,0.7338089369968749
2022-03-08,0.7352389616511995
2022-03-09,0.7669588485683664
2022-03-10,0.7321306275201774
2022-03-11,0.7239553518289857
2022-03-12,0.7244584656445452
2022-03-13,0.7235783433167179
2022-03-14,0.7346476202634925
2022-03-15,0.729464281401612
2022-03-16,0.7606520808460325
2022-03-17,0.7539169299490593
2022-03-18,0.7712761659427865
2022-03-19,0.8143541616859087
2022-03-20,0.79427348347897
2022-03-21,0.8321627946632747
2022-03-22,0.8852951639364254
2022-03-23,1.0062781297532088
2022-03-24,1.0264805699724413
2022-03-25,0.9995717484662151
2022-03-26,1.0474710560133684
2022-03-27,1.0764853324118486
2022-03-28,1.0646353093397811
2022-03-29,1.0739303153119808
2022-03-30,1.066532608347449
2022-03-31,1.0311756664461655
2022-04-01,1.054826342201655
2022-04-02,1.0466338600836815
2022-04-03,1.0736421121123598
2022-04-04,1.1051787739906518
2022-04-05,1.0735541277162004
2022-04-06,0.9660369906523008
2022-04-07,1.0049804097301402
2022-04-08,0.9436170776948214
2022-04-09,0.9608006193131035
2022-04-10,0.9471330157551573
2022-04-11,0.8462357659795632
2022-04-12,0.8822576569625566
2022-04-13,0.8946072735819744
2022-04-14,0.8615863993648485
2022-04-15,0.8830246125576209
2022-04-16,0.8811036343642124
2022-04-17,0.8484453466603801
2022-04-18,0.8689002721724307
2022-04-19,0.8830841099835121
2022-04-20,0.8639249016430973
2022-04-21,0.8403295696620589
2022-04-22,0.8409934977046285
2022-04-23,0.8237031032304302
2022-04-24,0.8199691686103011
2022-04-25,0.8388807669363578
2022-04-26,0.7776431259157435
2022-04-27,0.7964591177767194
2022-04-28,0.8034826407926609
2022-04-29,0.7635297192799733
2022-04-30,0.7176423349075403
2022-05-01,0.7502115941592942
2022-05-02,0.7436152930124915
2022-05-03,0.7326485316325286
2022-05-04,0.8444962402918146
2022-05-05,0.7506407070809332
2022-05-06,0.7426400061828811
2022-05-07,0.7222793220629006
2022-05-08,0.7021896148763147
2022-05-09,0.5775497692561953
2022-05-10,0.5973539699404434
2022-05-11,0.48782419838761326
2022-05-12,0.45647025505728606
2022-05-13,0.5079546071822229
2022-05-14,0.5180211296063152
2022-05-15,0.5746132394753581
2022-05-16,0.5332966260994948
2022-05-17,0.5479950544097681
2022-05-18,0.4827711549252877
2022-05-19,0.504093058319634
2022-05-20,0.4901779089599004
2022-05-21,0.5000272147049791
2022-05-22,0.5133972650298145
2022-05-23,0.4797986118451047
2022-05-24,0.4856302999987435
2022-05-25,0.48084417477420055
2022-05-26,0.4480460910879129
2022-05-27,0.42443262409430016
2022-05-28,0.4330578363535209
2022-05-29,0.44840401917247263
2022-05-30,0.5291439089351434
2022-05-31,0.5824654592627864
2022-06-01,0.5190015299417813
2022-06-02,0.5467078419592831
2022-06-03,0.522061458761931
2022-06-04,0.5280986901571655
2022-06-05,0.5286930736155544
2022-06-06,0.5700096779708428
2022-06-07,0.5753112915685153
2022-06-08,0.5986871618776367
2022-06-09,0.59601215189491
2022-06-10,0.5458719712197523
2022-06-11,0.525453532351478
2022-06-12,0.47367873342102285
2022-06-13,0.4447117626437563
2022-06-14,0.4640557968798202
2022-06-15,0.5100007379425698
2022-06-16,0.4503910948229982
2022-06-17,0.4642268707393542
2022-06-18,0.43462431019768977
2022-06-19,0.4617440765426273
2022-06-20,0.46793190209899027
2022-06-21,0.45502786878192975
2022-06-22,0.43405822130214333
2022-06-23,0.45657779847729146
2022-06-24,0.47292916503528687
2022-06-25,0.47266556932611403
2022-06-26,0.4634320585192569
2022-06-27,0.45914966608028307
2022-06-28,0.446331808570672
2022-06-29,0.4456384705138834
2022-06-30,0.4378978171967248
2022-07-01,0.42965244832040755
2022-07-02,0.43757532085971995
2022-07-03,0.43668495491928
2022-07-04,0.4501610957531453
2022-07-05,0.44619099214102276
2022-07-06,0.45379959145275445
2022-07-07,0.4698925470543596
2022-07-08,0.45874417543841767
2022-07-09,0.46998352605721655
2022-07-10,0.45559476472467836
2022-07-11,0.43353307233886756
2022-07-12,0.41666528442699624
2022-07-13,0.4365969585422352
2022-07-14,0.43985257435750974
2022-07-15,0.4389161777553471
2022-07-16,0.4535725371551377
2022-07-17,0.4430112509170104
2022-07-18,0.4854208744789942
2022-07-19,0.5041464366224685
2022-07-20,0.48231227643495644
2022-07-21,0.48932918143678483
2022-07-22,0.4738988526885493
2022-07-23,0.5065781534035926
2022-07-24,0.5037640523811171
2022-07-25,0.4658247467852288
2022-07-26,0.46167333579877046
2022-07-27,0.5002799285341473
2022-07-28,0.5036518224318803
2022-07-29,0.5117542965305962
2022-07-30,0.5139457777594844
2022-07-31,0.5063601568658997
2022-08-01,0.501021376984606
2022-08-02,0.4892275647456935
2022-08-03,0.4932703707485397
2022-08-04,0.4876028552697239
2022-08-05,0.5079865904507685
2022-08-06,0.5018537302320583
2022-08-07,0.518543217474917
2022-08-08,0.5261783092894493
2022-08-09,0.5035654442722889
2022-08-10,0.5215052886898179
2022-08-11,0.5147294674970987
2022-08-12,0.5269189258576369
2022-08-13,0.5454914964056298
2022-08-14,0.5562360422468268
2022-08-15,0.5424089660572888
2022-08-16,0.5485936027911374
2022-08-17,0.5276614156383128
2022-08-18,0.5081062496296765
2022-08-19,0.44936259332284095
2022-08-20,0.4497237110785254
2022-08-21,0.4617450851150907
2022-08-22,0.4643110854616142
2022-08-23,0.4667626296762701
2022-08-24,0.4595701616204248
2022-08-25,0.4663604306147991
2022-08-26,0.432419436763207
2022-08-27,0.451282736218075
2022-08-28,0.43281269237599374
2022-08-29,0.4502188362277107
2022-08-30,0.4511039766238818
2022-08-31,0.44497255898187843
2022-09-01,0.4596983836737307
2022-09-02,0.45670544320121836
2022-09-03,0.4826554733443556
2022-09-04,0.5077566154235995
2022-09-05,0.5015812877206677
2022-09-06,0.4678708585928376
2022-09-07,0.4794663936779553
2022-09-08,0.478801190787967
2022-09-09,0.4955072626616778
2022-09-10,0.5047746819231279
2022-09-11,0.5061819334337819
2022-09-12,0.4951412023811432
2022-09-13,0.4699015618461972
2022-09-14,0.482239775457883
2022-09-15,0.46621925827271676
2022-09-16,0.4733620090302258
2022-09-17,0.4863709375917478
2022-09-18,0.4461938202217974
2022-09-19,0.4521430283454091
2022-09-20,0.44317363259735354
2022-09-21,0.4487158635226832
2022-09-22,0.4664809895660056
2022-09-23,0.4764967175458586
2022-09-24,0.46604733416497673
2022-09-25,0.46067140505247206
2022-09-26,0.464414566167233
2022-09-27,0.46050318353836894
2022-09-28,0.45051169798939805
2022-09-29,0.4457654401664935
2022-09-30,0.4431894856679924
2022-10-01,0.4389225371606034
2022-10-02,0.42838192705167555
2022-10-03,0.4352426075972755
2022-10-04,0.4364701797030422
2022-10-05,0.43509679054380407
2022-10-06,0.43791321119035076
2022-10-07,0.435687927613759
2022-10-08,0.43277127469542725
2022-10-09,0.43458651167178536
2022-10-10,0.4137416157717845
2022-10-11,0.40258494963259717
2022-10-12,0.3928884750861912
2022-10-13,0.38663353076202056
2022-10-14,0.3773604123619067
2022-10-15,0.3741643156818254
2022-10-16,0.38016920498828033
2022-10-17,0.37825187070180627
2022-10-18,0.3668585696394503
2022-10-19,0.3584265555124759
2022-10-20,0.3479387738968336
2022-10-21,0.3540120595949125
2022-10-22,0.3564758575452386
2022-10-23,0.3671474098975146
2022-10-24,0.36205166253736154
2022-10-25,0.4034726461193255
2022-10-26,0.39975226100358957
2022-10-27,0.3899839215722701
2022-10-28,0.40592596960793037
2022-10-29,0.42125091508454543
2022-10-30,0.4079009484987568
2022-10-31,0.4110275690717014
2022-11-01,0.4063753538281267
2022-11-02,0.3933922783181438
2022-11-03,0.3994255920683623
2022-11-04,0.4222640579752572
2022-11-05,0.42743908267480224
2022-11-06,0.4059097279388366
2022-11-07,0.40355000394291374
2022-11-08,0.36885713774366613
2022-11-09,0.3172177185079506
2022-11-10,0.3620322319090048
2022-11-11,0.3419632964318098
2022-11-12,0.32731193409044795
2022-11-13,0.31967912714110513
2022-11-14,0.32156208608957376
2022-11-15,0.3253756520929137
2022-11-16,0.3198038652722903
2022-11-17,0.3135405299830177
2022-11-18,0.31535641115902446
2022-11-19,0.31754111459582934
2022-11-20,0.3023045410697784
2022-11-21,0.2972486626875357
2022-11-22,0.30251471891068155
2022-11-23,0.30554402029714717
2022-11-24,0.3040599356779365
2022-11-25,0.3024818207302009
2022-11-26,0.3013012399941248
2022-11-27,0.30138530081617565
2022-11-28,0.29651365532871227
2022-11-29,0.29966372393538776
2022-11-30,0.3059363410047773
2022-12-01,0.298725878209206
2022-12-02,0.3031385046155164
2022-12-03,0.30334901825822413
2022-12-04,0.30610678002450864
2022-12-05,0.3044015061381287
2022-12-06,0.3042374525586691
2022-12-07,0.29520450546877997
2022-12-08,0.29826762361360115
2022-12-09,0.29551916883544294
2022-12-10,0.29654766596151866
2022-12-11,0.2924716432191962
2022-12-12,0.2911831177191835
2022-12-13,0.2944774352686072
2022-12-14,0.2886191853683853
2022-12-15,0.28217697551539866
2022-12-16,0.24917384447339846
2022-12-17,0.25192333771555075
2022-12-18,0.25162735598894176
2022-12-19,0.23835024871762112
2022-12-20,0.2437601603116271
2022-12-21,0.23863892680346388
2022-12-22,0.24197401599908258
2022-12-23,0.2432068128835194
2022-12-24,0.24314655039353833
2022-12-25,0.24411073614535198
2022-12-26,0.24935131038360905
2022-12-27,0.2447804928100734
2022-12-28,0.23368186814335068
2022-12-29,0.22901218566458478
2022-12-30,0.22893405238229755
2022-12-31,0.2297730400190027
2023-01-01,0.23329473243904247
2023-01-02,0.23774052674422103
2023-01-03,0.2397235491666346
2023-01-04,0.2523850367612105
2023-01-05,0.2557692414696338
2023-01-06,0.26130565618298995
2023-01-07,0.2598631067160058
2023-01-08,0.27686338561259227
2023-01-09,0.2954552824645132
2023-01-10,0.30031672323730446
2023-01-11,0.2997952935460428
2023-01-12,0.30364786895472146
2023-01-13,0.3187853685553474
2023-01-14,0.3251277376101285
2023-01-15,0.3237329743553317
2023-01-16,0.32316878482929945
2023-01-17,0.3204614382370797
2023-01-18,0.30268404070281574
2023-01-19,0.31301018648552265
2023-01-20,0.3352004449247023
2023-01-21,0.33926003725489123
2023-01-22,0.3466333618052936
2023-01-23,0.3454035342785265
2023-01-24,0.32993618963293864
2023-01-25,0.34192076746186095
2023-01-26,0.348890071125381
2023-01-27,0.3577964339876883
2023-01-28,0.35166769473328086
2023-01-29,0.36452881311028656
2023-01-30,0.34331521630785694
2023-01-31,0.3599461293889301
2023-02-01,0.3607100361215538
2023-02-02,0.3645798640945808
2023-02-03,0.37419251975930834
2023-02-04,0.3697267573054601
2023-02-05,0.3637611241267415
2023-02-06,0.3564300656437623
2023-02-07,0.37202749622756653
2023-02-08,0.3677257487801331
2023-02-09,0.33757059144584356
2023-02-10,0.335533203783997
2023-02-11,0.34541982786575753
2023-02-12,0.34118397987944277
2023-02-13,0.33513221242940966
2023-02-14,0.35996496966352537
2023-02-15,0.3910705874534596
2023-02-16,0.3636958065010367
2023-02-17,0.37693650970831777
2023-02-18,0.3791638070112615
2023-02-19,0.3744902988217111
2023-02-20,0.3781949664764071
2023-02-21,0.3684170051808345
2023-02-22,0.366714711501299
2023-02-23,0.3614257444617846
2023-02-24,0.34561101423599005
2023-02-25,0.3427422110187317
2023-02-26,0.3496220476997494
2023-02-27,0.3439352369339137
2023-02-28,0.33323785360119634
2023-03-01,0.3377706279638007
2023-03-02,0.3304338296423202
2023-03-03,0.322075572320435
2023-03-04,0.31621414412819454
2023-03-05,0.31724809238183616
2023-03-06,0.3095673693199815
2023-03-07,0.3133032436297551
2023-03-08,0.30104688516141875
2023-03-09,0.29253357698678156
2023-03-10,0.2959152598334401
2023-03-11,0.2886646323020447
2023-03-12,0.3103858438374523
2023-03-13,0.3213501340432589
2023-03-14,0.3209820558132213
2023-03-15,0.3067909590340967
2023-03-16,0.30656861964407317
2023-03-17,0.326004783002733
2023-03-18,0.31340636954100615
2023-03-19,0.32395708684079527
2023-03-20,0.3102924723374165
2023-03-21,0.3445921136702347
2023-03-22,0.33178241785130513
2023-03-23,0.3433810833182205
2023-03-24,0.3341392671908473
2023-03-25,0.3266344835880878
2023-03-26,0.33053734382737626
2023-03-27,0.3197291155909937
2023-03-28,0.33983304082547494
